[{"label":"Adliswil Bahnhof","mc":"amenity","sc":"car_sharing","x":948929.6409283655,"y":5993140.08963145},{"label":"Adliswil Grüner Stieg","mc":"amenity","sc":"car_sharing","x":948199.3850687615,"y":5992503.069533007},{"label":"Bassersdorf Bahnhof","mc":"amenity","sc":"car_sharing","x":960312.0588619777,"y":6013946.111901456},{"label":"Bassersdorf Zentrum / Bibliothek","mc":"amenity","sc":"car_sharing","x":960470.132538904,"y":6014713.09345492},{"label":"Berikon Bahnhof Berikon-Widen","mc":"amenity","sc":"car_sharing","x":931434.3135329239,"y":6001373.924681938},{"label":"Birmensdorf (ZH) Zentrum","mc":"amenity","sc":"car_sharing","x":939077.0310969797,"y":6000101.481978967},{"label":"Birmensdorf (ZH) Bahnhof","mc":"amenity","sc":"car_sharing","x":939145.7708825445,"y":6000666.377346593},{"label":"Bonstetten Am Isenbach","mc":"amenity","sc":"car_sharing","x":942979.7032010575,"y":5993813.657907304},{"label":"Bonstetten Bahnhof Bonstetten-Wettswil","mc":"amenity","sc":"car_sharing","x":942698.3209241793,"y":5995614.633979747},{"label":"Dübendorf Neuweg","mc":"amenity","sc":"car_sharing","x":958735.0067678583,"y":6006969.041423945},{"label":"Dübendorf Bahnhof","mc":"amenity","sc":"car_sharing","x":959815.4403496507,"y":6007705.752775729},{"label":"Dietlikon Bahnhof","mc":"amenity","sc":"car_sharing","x":959416.8831767633,"y":6010804.648889365},{"label":"Dietikon Florastrasse","mc":"amenity","sc":"car_sharing","x":935242.9095353324,"y":6008350.519112415},{"label":"Dietikon Bahnhof","mc":"amenity","sc":"car_sharing","x":935544.9638416509,"y":6008748.162371532},{"label":"Effretikon Bahnhof","mc":"amenity","sc":"car_sharing","x":966930.9042775129,"y":6011696.2359203715},{"label":"Effretikon Stadthaus","mc":"amenity","sc":"car_sharing","x":966916.6442507425,"y":6012094.773248975},{"label":"Forch Bahnhof","mc":"amenity","sc":"car_sharing","x":962714.3334732964,"y":5995368.386065193},{"label":"Erlenbach (ZH) Bahnhof","mc":"amenity","sc":"car_sharing","x":956363.5565235402,"y":5992204.277248064},{"label":"Fällanden Verkehrsgarten","mc":"amenity","sc":"car_sharing","x":962032.6240436275,"y":6002738.369787204},{"label":"Illnau Bahnhof","mc":"amenity","sc":"car_sharing","x":971039.005369901,"y":6009069.270648782},{"label":"Küsnacht (ZH) Bahnhof","mc":"amenity","sc":"car_sharing","x":955163.5324127887,"y":5994374.859698173},{"label":"Kloten Bahnhof","mc":"amenity","sc":"car_sharing","x":955513.0756138796,"y":6015503.188409202},{"label":"Killwangen Bahnhof Killwangen-Spreitenbach","mc":"amenity","sc":"car_sharing","x":930059.8740439975,"y":6013031.08973393},{"label":"Kilchberg (ZH) Bahnhof","mc":"amenity","sc":"car_sharing","x":951588.4067784211,"y":5995214.65299942},{"label":"Nänikon Bahnhof Nänikon-Greifensee","mc":"amenity","sc":"car_sharing","x":966894.3803525838,"y":6002654.986166041},{"label":"Maur Dorf","mc":"amenity","sc":"car_sharing","x":964935.1573146222,"y":5997809.166978771},{"label":"Regensdorf Bahnhof","mc":"amenity","sc":"car_sharing","x":943008.5572130712,"y":6013669.620189709},{"label":"Opfikon Bahnhof / Giebeleichstrasse","mc":"amenity","sc":"car_sharing","x":953068.4995960592,"y":6012455.136152563},{"label":"Opfikon Bahnhof","mc":"amenity","sc":"car_sharing","x":953166.4050882119,"y":6012792.870687732},{"label":"Pfaffhausen Zürichstrasse","mc":"amenity","sc":"car_sharing","x":959574.0106380181,"y":6001732.938089307},{"label":"Schwerzenbach Bahnhof","mc":"amenity","sc":"car_sharing","x":964182.6375568598,"y":6004974.510422979},{"label":"Rüschlikon Bahnhof","mc":"amenity","sc":"car_sharing","x":952354.9416600743,"y":5992361.880687673},{"label":"Wallisellen Bahnhof","mc":"amenity","sc":"car_sharing","x":956528.6099325394,"y":6009580.581437645},{"label":"Wallisellen Alte Winterthurerstrasse","mc":"amenity","sc":"car_sharing","x":955518.6415884192,"y":6010067.80559595},{"label":"Volketswil Migros Parc","mc":"amenity","sc":"car_sharing","x":965856.8826983905,"y":6004341.552431615},{"label":"Uster Sonnenberg","mc":"amenity","sc":"car_sharing","x":968939.7869403177,"y":5999426.669473576},{"label":"Uster Siedlung Focus","mc":"amenity","sc":"car_sharing","x":971616.5531520345,"y":5999304.197020277},{"label":"Uster Siedlung Arche Nova","mc":"amenity","sc":"car_sharing","x":971242.0632530567,"y":5998593.1384508675},{"label":"Uster Quellenstrasse","mc":"amenity","sc":"car_sharing","x":970090.3629332588,"y":5999202.329648582},{"label":"Uster Niederuster / Unterbühlenstrasse","mc":"amenity","sc":"car_sharing","x":969275.504260652,"y":5998367.719474596},{"label":"Uster Im Lot","mc":"amenity","sc":"car_sharing","x":969628.3870464666,"y":5999054.459786632},{"label":"Uster Bahnstrasse","mc":"amenity","sc":"car_sharing","x":970758.2798780184,"y":5999346.915951632},{"label":"Uster Bahnhof","mc":"amenity","sc":"car_sharing","x":970147.2471930541,"y":5999782.085979591},{"label":"Urdorf Feldstrasse","mc":"amenity","sc":"car_sharing","x":937644.0709517432,"y":6005354.307406921},{"label":"Unterengstringen Dreispitz / Zürcherstrasse","mc":"amenity","sc":"car_sharing","x":940579.5659239619,"y":6009850.658619662},{"label":"Zollikon Bahnhof","mc":"amenity","sc":"car_sharing","x":953972.4138613007,"y":5997334.425638002},{"label":"Zollikon Zollikerstrasse","mc":"amenity","sc":"car_sharing","x":954234.0146646649,"y":5997934.016767928},{"label":"Zürich Kornhausbrücke / Parkhaus Stampfenbach","mc":"amenity","sc":"car_sharing","x":950568.475339875,"y":6005388.687254087},{"label":"Zürich Kornhausbrücke / Schindlerstrasse","mc":"amenity","sc":"car_sharing","x":950312.2290040178,"y":6005720.967038258},{"label":"Zürich Kraft - Werk 1","mc":"amenity","sc":"car_sharing","x":947096.2089150002,"y":6006557.9298762},{"label":"Zürich Kreuzplatz / Kirche St. Anton","mc":"amenity","sc":"car_sharing","x":952526.3736758961,"y":6001949.881755636},{"label":"Zürich Irchel Tramdepot VBZ","mc":"amenity","sc":"car_sharing","x":951110.8016351217,"y":6006881.34147203},{"label":"Zürich Josefstrasse / Johannesgasse","mc":"amenity","sc":"car_sharing","x":949703.3113893786,"y":6004824.897998793},{"label":"Zürich Kornhausbrücke / Markusstrasse","mc":"amenity","sc":"car_sharing","x":950370.1151392303,"y":6005650.264646521},{"label":"Zürich Höschgasse","mc":"amenity","sc":"car_sharing","x":952476.2799050391,"y":6000725.535984831},{"label":"Zürich Hottingerplatz","mc":"amenity","sc":"car_sharing","x":952671.0890139274,"y":6002592.5270501105},{"label":"Zürich Im Gut / Gutstrasse","mc":"amenity","sc":"car_sharing","x":946526.9210390834,"y":6003225.505272078},{"label":"Zürich Höngg / Im Wingert","mc":"amenity","sc":"car_sharing","x":947237.5846683077,"y":6007635.083526721},{"label":"Zürich Höngg / Gsteigstrasse","mc":"amenity","sc":"car_sharing","x":946231.612693907,"y":6008026.559271334},{"label":"Zürich Höngg / Wartau VBZ","mc":"amenity","sc":"car_sharing","x":945427.1846575877,"y":6007999.91540047},{"label":"Zürich Hirschgarten","mc":"amenity","sc":"car_sharing","x":951348.6134633033,"y":6007906.448691452},{"label":"Zürich Schwamendingen / Hirschen","mc":"amenity","sc":"car_sharing","x":954128.4058637492,"y":6008253.051929038},{"label":"Zürich Hirslanden / Kapfstrasse","mc":"amenity","sc":"car_sharing","x":954167.2229701887,"y":6001113.363720946},{"label":"Zürich Hirslanden / Hammerstrasse","mc":"amenity","sc":"car_sharing","x":953725.2845917396,"y":6000937.524419812},{"label":"Zürich Hauptbahnhof","mc":"amenity","sc":"car_sharing","x":949992.7420654411,"y":6004025.912732047},{"label":"Zürich Hardplatz","mc":"amenity","sc":"car_sharing","x":947788.6161477342,"y":6004714.745447085},{"label":"Zürich Minervastrasse","mc":"amenity","sc":"car_sharing","x":952687.7869375462,"y":6001645.833447647},{"label":"Zürich Frohburg","mc":"amenity","sc":"car_sharing","x":952734.5411236794,"y":6008146.572833747},{"label":"Zürich Hardbrücke Bahnhof / Geroldstrasse","mc":"amenity","sc":"car_sharing","x":948287.3274664882,"y":6005283.608006334},{"label":"Zürich Haldenbach","mc":"amenity","sc":"car_sharing","x":951484.9464436778,"y":6004508.254286269},{"label":"Zürich Friedhof Sihlfeld / Ecke Fritschistrasse","mc":"amenity","sc":"car_sharing","x":947523.6757596462,"y":6003527.817212176},{"label":"Zürich Freiestrasse","mc":"amenity","sc":"car_sharing","x":953312.2892808965,"y":6001448.618624805},{"label":"Zürich Friesenberg / Sieberstrasse","mc":"amenity","sc":"car_sharing","x":947383.8473472608,"y":6001820.175086802},{"label":"Zürich Friesenberg / Hegianwandweg","mc":"amenity","sc":"car_sharing","x":947656.1459536903,"y":6000592.429616393},{"label":"Zürich Förrlibuckstrasse","mc":"amenity","sc":"car_sharing","x":948075.7647742354,"y":6006322.059319836},{"label":"Zürich Florastrasse","mc":"amenity","sc":"car_sharing","x":951995.9251703171,"y":6001284.555745037},{"label":"Zürich Flughafen Bahnhof","mc":"amenity","sc":"car_sharing","x":953174.5536749379,"y":6015737.218498966},{"label":"Zürich Ferdinand-Hodler-Strasse","mc":"amenity","sc":"car_sharing","x":946026.7959627964,"y":6008375.552204183},{"label":"Zürich EPI - Klinik","mc":"amenity","sc":"car_sharing","x":954033.6395812371,"y":5999259.83527584},{"label":"Zürich Buchegg / Wehntalerstrasse","mc":"amenity","sc":"car_sharing","x":950515.9436721695,"y":6007506.80477082},{"label":"Zürich Bucheggplatz / Wachterweg","mc":"amenity","sc":"car_sharing","x":950018.3344163744,"y":6006932.484595061},{"label":"Zürich Binz / Binzallee","mc":"amenity","sc":"car_sharing","x":947995.42549773,"y":6001657.041958139},{"label":"Zürich Berninaplatz","mc":"amenity","sc":"car_sharing","x":951622.4594106546,"y":6008184.401216345},{"label":"Zürich Berninaplatz / Friedheimstrasse","mc":"amenity","sc":"car_sharing","x":951812.8157399113,"y":6008398.2169186445},{"label":"Zürich Am Wasser","mc":"amenity","sc":"car_sharing","x":946936.754876388,"y":6006888.3469109135},{"label":"Zürich Balgrist","mc":"amenity","sc":"car_sharing","x":954201.5539011494,"y":6000289.33267679},{"label":"Zürich Altstetten VBZ P+R","mc":"amenity","sc":"car_sharing","x":945321.5201969265,"y":6005311.114937135},{"label":"Zürich Altstetten Post / Lindenplatz","mc":"amenity","sc":"car_sharing","x":944658.4901778126,"y":6005277.245088569},{"label":"Zürich Altstetten / Zwischenbächen","mc":"amenity","sc":"car_sharing","x":944037.149308001,"y":6004930.119654035},{"label":"Zürich Altstetten / Tüffenwies","mc":"amenity","sc":"car_sharing","x":944900.9885565568,"y":6007215.717714996},{"label":"Zürich Altstetten / Schulhaus Untermoos","mc":"amenity","sc":"car_sharing","x":944407.8432123426,"y":6004515.816773839},{"label":"Zürich Altstetten / Rautistrasse","mc":"amenity","sc":"car_sharing","x":943195.6630131966,"y":6005439.344752317},{"label":"Zürich Altstetten / Flüelastr. / Überbauung James","mc":"amenity","sc":"car_sharing","x":945670.8964187814,"y":6004599.859471195},{"label":"Zürich Altstetten / Bachmattweg","mc":"amenity","sc":"car_sharing","x":944603.7655161388,"y":6006191.234832724},{"label":"Zürich Albisriederplatz / Brahmshof","mc":"amenity","sc":"car_sharing","x":947029.7511789966,"y":6004169.346535265},{"label":"Zürich Albisrieden VBZ","mc":"amenity","sc":"car_sharing","x":944490.2196355298,"y":6003338.7785505345},{"label":"Zürich Albisrieden / Pflegezentrum Bachwiesen","mc":"amenity","sc":"car_sharing","x":944795.0235332707,"y":6004045.212454591},{"label":"Zumikon Unterdorf","mc":"amenity","sc":"car_sharing","x":960039.3261095342,"y":5996284.830270811},{"label":"Zürich Stolzestrasse","mc":"amenity","sc":"car_sharing","x":951300.3675959934,"y":6005616.064626808},{"label":"Zürich Technopark","mc":"amenity","sc":"car_sharing","x":947934.9010905856,"y":6005974.480960726},{"label":"Zürich Tobeleggweg","mc":"amenity","sc":"car_sharing","x":946353.006598617,"y":6007278.078593391},{"label":"Zürich Triemli / Birmensdorferstrasse","mc":"amenity","sc":"car_sharing","x":945838.6660233558,"y":6002487.087221519},{"label":"Zürich UNI / ETH","mc":"amenity","sc":"car_sharing","x":951658.2374949957,"y":6003476.069523524},{"label":"Zürich Universität Irchel","mc":"amenity","sc":"car_sharing","x":951336.368319316,"y":6007246.96387961},{"label":"Zürich Unter-Affoltern / Wolfswinkel","mc":"amenity","sc":"car_sharing","x":947663.9383180458,"y":6011620.894171226},{"label":"Zürich Unterstrass / Kurvenstrasse","mc":"amenity","sc":"car_sharing","x":950884.0438323758,"y":6005120.080858339},{"label":"Zürich Stadelhofen / Mühlebachstrasse","mc":"amenity","sc":"car_sharing","x":951764.94835887,"y":6001943.307625379},{"label":"Zürich Stadelhofen / Promenadengasse","mc":"amenity","sc":"car_sharing","x":951677.0059611434,"y":6002507.057410176},{"label":"Zürich Stampfenbachplatz / Neumühlequai","mc":"amenity","sc":"car_sharing","x":950918.920228841,"y":6004244.557758912},{"label":"Zürich Stampfenbachplatz / Walchestrasse","mc":"amenity","sc":"car_sharing","x":950907.4765851877,"y":6004428.421124259},{"label":"Zürich Pflegezentrum Mattenhof / Helen-Keller-Strasse","mc":"amenity","sc":"car_sharing","x":956623.5543262371,"y":6007722.297719242},{"label":"Zürich Seebach Bahnhof","mc":"amenity","sc":"car_sharing","x":951084.474575549,"y":6010708.305727966},{"label":"Zürich Sihlcity","mc":"amenity","sc":"car_sharing","x":948803.849903769,"y":6000469.184800831},{"label":"Zürich Sonnegg / Sumatrastr.","mc":"amenity","sc":"car_sharing","x":950974.2794116127,"y":6004625.555787226},{"label":"Zürich Schaffhauserplatz / Kantonale Verwaltung","mc":"amenity","sc":"car_sharing","x":950591.5184744691,"y":6006491.545412469},{"label":"Zürich Schaffhauserstr. / Ecke Schindlersteig","mc":"amenity","sc":"car_sharing","x":950580.5089768297,"y":6005885.393435613},{"label":"Zürich Friesenberg / Schweigmatt","mc":"amenity","sc":"car_sharing","x":946416.0468262532,"y":6002091.226761927},{"label":"Zürich Schulhaus Altweg / Alfred-Strebel-Weg","mc":"amenity","sc":"car_sharing","x":945604.7837731992,"y":6002918.683652091},{"label":"Zürich Seebach / Schwandenackerstrasse","mc":"amenity","sc":"car_sharing","x":950127.4386493011,"y":6011487.620351881},{"label":"Zürich Seebach / Friesstrasse","mc":"amenity","sc":"car_sharing","x":951310.7648364333,"y":6010247.120459924},{"label":"Zürich Riedbach / Holcim","mc":"amenity","sc":"car_sharing","x":952830.7545595721,"y":6010035.56221597},{"label":"Zürich Rigiplatz / Huttenstrasse","mc":"amenity","sc":"car_sharing","x":951652.0926591038,"y":6004842.275924729},{"label":"Zürich Rehalp","mc":"amenity","sc":"car_sharing","x":955459.3305637245,"y":5999653.972678421},{"label":"Zürich Röntgenplatz","mc":"amenity","sc":"car_sharing","x":949141.1479608726,"y":6005438.160932033},{"label":"Zürich Rotbuchstrasse","mc":"amenity","sc":"car_sharing","x":950124.3105716096,"y":6006211.624642978},{"label":"Zürich Oberstrass / Pflegezentrum Irchelpark","mc":"amenity","sc":"car_sharing","x":951517.4183391422,"y":6006545.119953707},{"label":"Zürich Neugasse / Depot SBB","mc":"amenity","sc":"car_sharing","x":948881.2837415646,"y":6005118.518930821},{"label":"Zürich Letten / Nordstrasse","mc":"amenity","sc":"car_sharing","x":949890.9069952634,"y":6006190.429107335},{"label":"Zürich Probstei","mc":"amenity","sc":"car_sharing","x":955785.808366323,"y":6007633.43891527},{"label":"Zürich Oerlikon / Thurgauerstrasse","mc":"amenity","sc":"car_sharing","x":952121.8943060987,"y":6010219.861071178},{"label":"Zürich Milchbuck / Buchmattweg","mc":"amenity","sc":"car_sharing","x":950659.8018501218,"y":6006970.340567348},{"label":"Zürich Manesseplatz / Dubsstrasse","mc":"amenity","sc":"car_sharing","x":948659.5575798028,"y":6002194.295021111},{"label":"Zürich Neu-Affoltern","mc":"amenity","sc":"car_sharing","x":948412.906984052,"y":6009994.369827567},{"label":"Zürich Mutschellenstrasse","mc":"amenity","sc":"car_sharing","x":949298.108442891,"y":5999580.230751579},{"label":"Zürich Mittelleimbach Zentrum","mc":"amenity","sc":"car_sharing","x":947749.3871591787,"y":5995451.995267643},{"label":"Zürich Milchbuck / Schaffhauserstrasse","mc":"amenity","sc":"car_sharing","x":950848.7889496414,"y":6007413.063804007},{"label":"Zürich Leimbachstrasse","mc":"amenity","sc":"car_sharing","x":947986.6869177028,"y":5996210.394308128},{"label":"Zürich Lehenstrasse","mc":"amenity","sc":"car_sharing","x":949081.0354358443,"y":6006985.486291546},{"label":"Zürich Langmauerstrasse","mc":"amenity","sc":"car_sharing","x":951134.8800409803,"y":6006564.507507433},{"label":"Zürich Limmatplatz / Sihlquai","mc":"amenity","sc":"car_sharing","x":949947.7578592116,"y":6005159.49084899},{"label":"Zürich Limmatplatz / Gasometerstrasse","mc":"amenity","sc":"car_sharing","x":949432.805026751,"y":6005018.901419284},{"label":"Zürich Letzigraben","mc":"amenity","sc":"car_sharing","x":945925.1278718549,"y":6003757.956799511},{"label":"Zürich Wipkingen / Imfeldstrasse","mc":"amenity","sc":"car_sharing","x":949697.4225883157,"y":6005938.832686463},{"label":"Zürich Wipkingen / Limmattalstrasse","mc":"amenity","sc":"car_sharing","x":947850.0199788559,"y":6006974.517561391},{"label":"Zürich Wipkingen / Trottenstrasse","mc":"amenity","sc":"car_sharing","x":948043.537781651,"y":6006996.997717443},{"label":"Zürich Wipkingen / Wasserwerkstrasse","mc":"amenity","sc":"car_sharing","x":949571.8987304971,"y":6005821.562737698},{"label":"Zürich Wipkingen Bahnhof","mc":"amenity","sc":"car_sharing","x":949495.9788377762,"y":6006463.344091191},{"label":"Zürich Wipkingen / Wipkingerplatz","mc":"amenity","sc":"car_sharing","x":948838.1251749843,"y":6006528.72525383},{"label":"Zürich Witikon / Stodolastrasse","mc":"amenity","sc":"car_sharing","x":956301.2176086958,"y":6000574.353600487},{"label":"Zürich Waffenplatz","mc":"amenity","sc":"car_sharing","x":949249.1278669422,"y":6000988.468149489},{"label":"Zürich Weststrasse","mc":"amenity","sc":"car_sharing","x":948735.9561463342,"y":6002703.293669848},{"label":"Zürich Wiedikon / Zentralstrasse","mc":"amenity","sc":"car_sharing","x":948270.6295428692,"y":6003059.337645392},{"label":"Zürich Wiedikon Bahnhof","mc":"amenity","sc":"car_sharing","x":948850.604089902,"y":6003028.106574461},{"label":"Zürich Wipkingen / Guthirtstrasse","mc":"amenity","sc":"car_sharing","x":949362.6737475512,"y":6006763.483212068},{"label":"Zürich Wollishofen / Dangelstrasse","mc":"amenity","sc":"car_sharing","x":949370.4661119067,"y":5996470.4302235665},{"label":"Zürich Wollishofen / Pflegezentrum Entlisberg","mc":"amenity","sc":"car_sharing","x":949183.2378603416,"y":5996862.568350681},{"label":"Zürich Zürichberg / Hinterbergstrasse","mc":"amenity","sc":"car_sharing","x":952373.8659735093,"y":6004275.793212988},{"label":"Zürich Zanggerweg","mc":"amenity","sc":"car_sharing","x":951115.5995051746,"y":6006358.301143488},{"label":"Zürich Zwinglihaus / Aemtlerstrasse","mc":"amenity","sc":"car_sharing","x":947888.6589741103,"y":6003057.496652825},{"label":"Zürich Affoltern / In Böden","mc":"amenity","sc":"car_sharing","x":947148.529075673,"y":6010773.570863837},{"label":"Zürich Affolternstrasse","mc":"amenity","sc":"car_sharing","x":949927.0635658732,"y":6009426.250699722},{"label":"Zürich Affoltern / Klee","mc":"amenity","sc":"car_sharing","x":946406.0280720817,"y":6011688.354540514},{"label":"Zürich Ankerstrasse / BGZ","mc":"amenity","sc":"car_sharing","x":949014.2437413683,"y":6003443.982166544},{"label":"Zürich Albisriederplatz / Tiefgarage","mc":"amenity","sc":"car_sharing","x":947477.32232368,"y":6004086.294375056},{"label":"Zürich ETH Hönggerberg / Einsteinstrasse","mc":"amenity","sc":"car_sharing","x":946719.949036119,"y":6009056.144485488},{"label":"Zürich Aussersihl / Feldstrasse","mc":"amenity","sc":"car_sharing","x":948914.0561996545,"y":6004356.348324561},{"label":"Zürich Enge Bahnhof","mc":"amenity","sc":"car_sharing","x":949607.5766272964,"y":6001685.276950547},{"label":"Zürich Helvetiaplatz / Langstrasse","mc":"amenity","sc":"car_sharing","x":948981.9610890383,"y":6003634.666974989},{"label":"Zürich Idaplatz","mc":"amenity","sc":"car_sharing","x":947809.3661008182,"y":6003333.321147789},{"label":"Zürich Lochergut / Meinrad Lienertstr.","mc":"amenity","sc":"car_sharing","x":948159.310052076,"y":6003506.4474176625},{"label":"Zürich Hofwiesenstrasse / Bad Allenmoos","mc":"amenity","sc":"car_sharing","x":950409.0435651608,"y":6008760.827517127},{"label":"Zürich Hohlstrasse / Pflanzschulstrasse","mc":"amenity","sc":"car_sharing","x":948679.1720740806,"y":6004274.149238916},{"label":"Zürich Neubühl","mc":"amenity","sc":"car_sharing","x":950112.8557960071,"y":5996656.986815177},{"label":"Zürich Oberaffoltern / Lerchenrain","mc":"amenity","sc":"car_sharing","x":947089.5297455525,"y":6009959.231427415},{"label":"Zürich Museum Rietberg / Lavaterstrasse","mc":"amenity","sc":"car_sharing","x":949830.2156088828,"y":6001257.981893485},{"label":"Zürich Tiefenbrunnen Bahnhof","mc":"amenity","sc":"car_sharing","x":953076.6259188872,"y":5999305.297851638},{"label":"Zürich Sihlfeld / Hildastrasse","mc":"amenity","sc":"car_sharing","x":947935.2907088036,"y":6003742.126287919},{"label":"Zürich Seefeld / Nebelbachstrasse","mc":"amenity","sc":"car_sharing","x":952701.1452764416,"y":5999833.269391018},{"label":"Zürich Oerlikon / Neunbrunnenstrasse","mc":"amenity","sc":"car_sharing","x":949430.3226021064,"y":6010138.626298278},{"label":"Zürich Wollishofen / Tannenrauchstrasse","mc":"amenity","sc":"car_sharing","x":949385.1491527422,"y":5998519.257684682},{"label":"Zürich Wengihof / Badenerstrasse","mc":"amenity","sc":"car_sharing","x":948765.967881052,"y":6003431.094654959},{"label":"Zürich Unterstrass / Birchplatz","mc":"amenity","sc":"car_sharing","x":950271.4081467439,"y":6008905.441764868},{"label":"Zürich Zypressen","mc":"amenity","sc":"car_sharing","x":947790.2191484015,"y":6004083.203771626},{"label":"Zürich Zentralstrasse / Martastrasse","mc":"amenity","sc":"car_sharing","x":947860.7400458193,"y":6003631.001184384},{"label":"Zürich Wollishofen / Albisstrasse","mc":"amenity","sc":"car_sharing","x":949629.8405254551,"y":5998400.576624037},{"label":"Zürich Luegislandstrasse","mc":"amenity","sc":"car_sharing","x":955022.1566594813,"y":6008812.705462563},{"label":"Zürich Hardstrasse / Schiffbau","mc":"amenity","sc":"car_sharing","x":948397.5337623735,"y":6005669.99548852},{"label":"Zürich Post Giesshübel / Uetlibergstrasse","mc":"amenity","sc":"car_sharing","x":948071.3676543492,"y":6001200.463013225},{"label":"Zollikerberg In der Tiefe","mc":"amenity","sc":"car_sharing","x":957657.089006558,"y":5998865.518632174},{"label":"Zürich Altstetten Bahnhof","mc":"amenity","sc":"car_sharing","x":945266.0385627152,"y":6006083.712263954},{"label":"Zürich Wiedikon / Bremgartnerstrasse","mc":"amenity","sc":"car_sharing","x":948410.8921012686,"y":6002996.8756160475},{"label":"Zürich Aussersihl / Bullingerstrasse","mc":"amenity","sc":"car_sharing","x":947338.8854049294,"y":6004537.189057012},{"label":"Zürich Altstetten / Hermetschloostrasse","mc":"amenity","sc":"car_sharing","x":943374.7983377809,"y":6006699.350047962},{"label":"Zürich Oerlikon / Salersteig","mc":"amenity","sc":"car_sharing","x":951609.1010717596,"y":6008756.78124782},{"label":"Zürich Oerlikon / Schaffhauserstrasse","mc":"amenity","sc":"car_sharing","x":951427.6503017663,"y":6009434.475461848},{"label":"Zürich Schaffhauserplatz / Riedtlistrasse","mc":"amenity","sc":"car_sharing","x":950700.7896866316,"y":6006019.173054156},{"label":"Zürich Kantonales Labor Zürich / Fehrenstrasse","mc":"amenity","sc":"car_sharing","x":952730.3332469276,"y":6002862.05779101},{"label":"Zürich Neugasse","mc":"amenity","sc":"car_sharing","x":949148.9403252281,"y":6004941.628350078},{"label":"Zürich Bucheggplatz / Rötelstrasse","mc":"amenity","sc":"car_sharing","x":949793.2241420924,"y":6007489.816201065},{"label":"Zürich Letzipark / Baslerstrasse","mc":"amenity","sc":"car_sharing","x":945938.4862107502,"y":6005416.786427021},{"label":"Zürich Altstetten / Hallenbad","mc":"amenity","sc":"car_sharing","x":943930.5386316682,"y":6005778.071972476},{"label":"Zürich Limmatplatz / Quellenstrasse","mc":"amenity","sc":"car_sharing","x":949342.6362392085,"y":6005250.724760706},{"label":"Zürich Höngg / Wieslergasse","mc":"amenity","sc":"car_sharing","x":945712.5076444398,"y":6008077.495343849},{"label":"Zürich Wipkingen / Breitensteinstrasse","mc":"amenity","sc":"car_sharing","x":948583.4373119982,"y":6006467.4879530575},{"label":"Zürich Manesseplatz / Austrasse","mc":"amenity","sc":"car_sharing","x":948401.9865420053,"y":6001744.442541366},{"label":"Zürich Birchstrasse / Wehntalerstrasse","mc":"amenity","sc":"car_sharing","x":950049.5150057457,"y":6008334.071653913},{"label":"Zürich Hegibachplatz / Minervastrasse","mc":"amenity","sc":"car_sharing","x":952919.3314783961,"y":6001427.253954977},{"label":"Uster Haberweidstrasse","mc":"amenity","sc":"car_sharing","x":970080.5222902726,"y":6001278.77095409},{"label":"Dietikon Limmatfeld","mc":"amenity","sc":"car_sharing","x":935755.613714079,"y":6009183.130258092},{"label":"Zürich Enge / Brandschenkestrasse","mc":"amenity","sc":"car_sharing","x":949097.1878939582,"y":6001745.017764371},{"label":"Zürich Oerlikon / Salvatorstrasse","mc":"amenity","sc":"car_sharing","x":952018.7567978788,"y":6008602.169120941},{"label":"Zürich Wipkingen / Leutholdstrasse","mc":"amenity","sc":"car_sharing","x":949160.1168021038,"y":6006401.975702232},{"label":"Mönchaltorf Mönchhof","mc":"amenity","sc":"car_sharing","x":970923.3444189667,"y":5993137.249206086},{"label":"Volketswil Wallberg","mc":"amenity","sc":"car_sharing","x":966833.1546326474,"y":6005847.575087975},{"label":"Zürich Hirslanden / Forchstrasse","mc":"amenity","sc":"car_sharing","x":953312.2892808965,"y":6001100.216733967},{"label":"Zürich Werd / Werdstrasse","mc":"amenity","sc":"car_sharing","x":949625.3877458235,"y":6003134.950177822},{"label":"Zürich Schmiede Wiedikon","mc":"amenity","sc":"car_sharing","x":948387.5150082022,"y":6002419.944990423},{"label":"Zürich Oerlikon / Affolternstrasse","mc":"amenity","sc":"car_sharing","x":950336.7192919925,"y":6009334.133897384},{"label":"Zürich Oerlikon Bahnhof / Wattstrasse","mc":"amenity","sc":"car_sharing","x":951281.8217688272,"y":6009789.792640861},{"label":"Adliswil Dietlimoos / Grütstrasse","mc":"amenity","sc":"car_sharing","x":950067.3261242725,"y":5994087.497251856},{"label":"Dübendorf Micasa","mc":"amenity","sc":"car_sharing","x":957701.6724626208,"y":6007854.9215492355},{"label":"Kloten Balsberg","mc":"amenity","sc":"car_sharing","x":954216.203546138,"y":6014059.673554925},{"label":"Opfikon-Glattbrugg Lindbergh-Platz","mc":"amenity","sc":"car_sharing","x":952944.9349612787,"y":6011838.085530136},{"label":"Schlieren Spital Limmattal","mc":"amenity","sc":"car_sharing","x":938168.3857533796,"y":6006607.262232137},{"label":"Schlieren Zentrum / Brunngasse","mc":"amenity","sc":"car_sharing","x":940382.5304252579,"y":6007056.199577872},{"label":"Spreitenbach IKEA","mc":"amenity","sc":"car_sharing","x":932400.9229353801,"y":6010982.514737053},{"label":"Spreitenbach Rotzenbühl","mc":"amenity","sc":"car_sharing","x":930772.3187850744,"y":6011870.993786909},{"label":"Spreitenbach Shoppi Tivoli / Micasa","mc":"amenity","sc":"car_sharing","x":931773.081007306,"y":6011525.463326681},{"label":"Uster West","mc":"amenity","sc":"car_sharing","x":969946.8721096263,"y":6000052.334519305},{"label":"Wallisellen Neugut / Zwicky-Areal","mc":"amenity","sc":"car_sharing","x":957510.1472787109,"y":6008383.414123095},{"label":"Zürich Agnesstrasse","mc":"amenity","sc":"car_sharing","x":947984.5384515306,"y":6003876.316680867},{"label":"Zürich Friesenberg / Friesenbergstrasse","mc":"amenity","sc":"car_sharing","x":946566.3281388241,"y":6001330.291884348},{"label":"Zürich Giesshübel Bahnhof","mc":"amenity","sc":"car_sharing","x":948630.1914981314,"y":6001492.991568819},{"label":"Zürich Goldbrunnenplatz","mc":"amenity","sc":"car_sharing","x":947714.5552905096,"y":6002616.047785418},{"label":"Zürich Haldenegg / Weinbergstrasse","mc":"amenity","sc":"car_sharing","x":951127.0765446755,"y":6004236.321481613},{"label":"Zürich Moussonstrasse / Gloriastrasse","mc":"amenity","sc":"car_sharing","x":952264.7728725319,"y":6003652.749372849},{"label":"Zürich Hardbrücke Bahnhof / Prime Tower","mc":"amenity","sc":"car_sharing","x":948132.5933742855,"y":6005224.418254029},{"label":"Zürich Römerhofplatz","mc":"amenity","sc":"car_sharing","x":952951.9480891988,"y":6002438.1399084125},{"label":"Zürich Sonneggstrasse","mc":"amenity","sc":"car_sharing","x":951461.0461490044,"y":6004131.1246881075},{"label":"Zürich Triemli / Rossackerstrasse","mc":"amenity","sc":"car_sharing","x":945407.035829754,"y":6002411.907681081},{"label":"Zürich Wasserschöpfi","mc":"amenity","sc":"car_sharing","x":946881.3511658201,"y":6002446.341604798},{"label":"Zürich Selnau / Gerechtigkeitsgasse","mc":"amenity","sc":"car_sharing","x":949628.5158235145,"y":6002493.185109635},{"label":"Schlieren Rütistrasse","mc":"amenity","sc":"car_sharing","x":940645.1664998863,"y":6007580.071443052},{"label":"Zürich Oerlikon / Herbstweg","mc":"amenity","sc":"car_sharing","x":952773.1244591884,"y":6008604.61986611},{"label":"Zürich Fernsehstudio / Schärenmoosstrasse","mc":"amenity","sc":"car_sharing","x":952826.3908355329,"y":6010610.927176774},{"label":"Dübendorf Zwicky-Süd","mc":"amenity","sc":"car_sharing","x":957802.0158516219,"y":6008241.160547186},{"label":"Zürich Müllerstrasse","mc":"amenity","sc":"car_sharing","x":949452.7980072973,"y":6003573.729571954},{"label":"Zürich Leimbach / Sihlbogen","mc":"amenity","sc":"car_sharing","x":948377.5073859799,"y":5996961.71439939},{"label":"Zürich Wollishofen VBZ","mc":"amenity","sc":"car_sharing","x":949633.2691657714,"y":5997452.566452344},{"label":"Zürich Seebach VBZ Haltestelle","mc":"amenity","sc":"car_sharing","x":951690.6425987656,"y":6011249.229865516},{"label":"Zürich Waid / Tièchestrasse","mc":"amenity","sc":"car_sharing","x":949224.4372038841,"y":6007317.498399145},{"label":"Zürich Freilager","mc":"amenity","sc":"car_sharing","x":945070.1830506134,"y":6004577.418412989},{"label":"Zürich Riedbach / Hagenholzstrasse","mc":"amenity","sc":"car_sharing","x":952808.8357518348,"y":6009985.486510698},{"label":"Zürich Schwamendingen / Winterthurerstrasse","mc":"amenity","sc":"car_sharing","x":955197.1620309574,"y":6008605.0804089075},{"label":"Zürich Altstetten / Vulkanplatz","mc":"amenity","sc":"car_sharing","x":945047.4850064409,"y":6006345.902607815},{"label":"Zürich Lagerstrasse / Langstrasse","mc":"amenity","sc":"car_sharing","x":949496.4797754848,"y":6004321.64377552},{"label":"Zürich Aemtlerstrasse","mc":"amenity","sc":"car_sharing","x":947083.8524515221,"y":6003934.80678558},{"label":"Zürich Landoltstrasse","mc":"amenity","sc":"car_sharing","x":951988.3665768921,"y":6004836.455877536},{"label":"Zürich Clausiusstrasse","mc":"amenity","sc":"car_sharing","x":951322.3086676287,"y":6004208.061739377},{"label":"Zürich Nordstrasse / Kronenstrasse","mc":"amenity","sc":"car_sharing","x":950315.8023596723,"y":6005514.862955192},{"label":"Zürich Kronenstrasse","mc":"amenity","sc":"car_sharing","x":950418.6393052671,"y":6005560.769399667},{"label":"Zürich Unterstrass / Obstgartenstrasse","mc":"amenity","sc":"car_sharing","x":950899.6730888829,"y":6004847.717836797},{"label":"Zürich Oerlikon Bahnhof / Pestalozzi-Bibliothek","mc":"amenity","sc":"car_sharing","x":951229.7910388304,"y":6009530.936054867},{"label":"Zürich Schlotterbeck-Areal / Badenerstrasse","mc":"amenity","sc":"car_sharing","x":946930.9217350704,"y":6004287.596955993},{"label":"Zürich Gertrudstrasse","mc":"amenity","sc":"car_sharing","x":947472.5912453212,"y":6002804.380334818},{"label":"Zürich Uni Asien-Orient-Institut / Kantonsschulstrasse","mc":"amenity","sc":"car_sharing","x":951731.5747755303,"y":6003025.509469422},{"label":"Zürich Universitätsspital / Freiestrasse","mc":"amenity","sc":"car_sharing","x":952015.9515467107,"y":6003347.852312104},{"label":"Zürich Stolzestrasse / Ottikerstrasse","mc":"amenity","sc":"car_sharing","x":951346.8434833995,"y":6005334.873235141},{"label":"Zürich Scheuchzerstrasse","mc":"amenity","sc":"car_sharing","x":951100.2485473943,"y":6005533.771382456},{"label":"Zürich Schaffhauserplatz","mc":"amenity","sc":"car_sharing","x":950470.2470211989,"y":6006227.015692815},{"label":"Zürich Wipkingen / Lettensiedlung / Nordstrasse","mc":"amenity","sc":"car_sharing","x":950073.4932240625,"y":6005911.636177315},{"label":"Zürich Wipkingen / Nordstrasse","mc":"amenity","sc":"car_sharing","x":949663.0916573551,"y":6006403.981843122},{"label":"Zürich Wipkingen Bahnhof / Nordstrasse","mc":"amenity","sc":"car_sharing","x":949356.0057100528,"y":6006618.049611385},{"label":"Zürich Waidmatt Furttalstrasse","mc":"amenity","sc":"car_sharing","x":946279.2351720684,"y":6011073.59610043},{"label":"Zürich Affoltern Bahnhof","mc":"amenity","sc":"car_sharing","x":947047.1281515093,"y":6011036.544823328},{"label":"Zürich Oerlikon Bahnhof / Erika-Mann-Weg","mc":"amenity","sc":"car_sharing","x":950637.5713478102,"y":6009457.916076748},{"label":"Zürich Leutschenbachstrasse","mc":"amenity","sc":"car_sharing","x":952202.0888672663,"y":6010326.003724761},{"label":"Zürich Glattpark / Schärenmoosstrasse","mc":"amenity","sc":"car_sharing","x":952573.6065358397,"y":6010725.415774002},{"label":"Zürich Saatlenstrasse / Reformierte Kirche Saatlen","mc":"amenity","sc":"car_sharing","x":953334.3973317681,"y":6009247.59434379},{"label":"Zürich Stettbach / Mattenhof","mc":"amenity","sc":"car_sharing","x":956461.0278696788,"y":6007449.375973977},{"label":"Zürich Witikon Berghaldenstrasse","mc":"amenity","sc":"car_sharing","x":956258.3707366897,"y":6000862.013216322},{"label":"Zürich Hegibachstrasse","mc":"amenity","sc":"car_sharing","x":953695.0724819383,"y":6001851.631898438},{"label":"Zürich Hegibachstrasse / Haltestelle Freiestrasse","mc":"amenity","sc":"car_sharing","x":953187.5669234117,"y":6001473.7139619095},{"label":"Zürich Bellerivestrasse","mc":"amenity","sc":"car_sharing","x":951664.3266711421,"y":6001046.856605204},{"label":"Zürich Gärtnerstrasse","mc":"amenity","sc":"car_sharing","x":952818.108665418,"y":6000198.282420785},{"label":"Zürich Heinrichstrasse / Quellenstrasse","mc":"amenity","sc":"car_sharing","x":949375.1192666219,"y":6005345.2644281695},{"label":"Zürich Frankentalerstrasse","mc":"amenity","sc":"car_sharing","x":944199.5644450684,"y":6008607.81077026},{"label":"Zürich Albisrieden / Else Züblin","mc":"amenity","sc":"car_sharing","x":945013.4880339524,"y":6003960.813473792},{"label":"Zürich Louis-Braille-Strasse / Grubenstrasse","mc":"amenity","sc":"car_sharing","x":948057.6196972362,"y":6001372.675679785},{"label":"Zürich Uetlihof / Uetlibergstrasse","mc":"amenity","sc":"car_sharing","x":947825.8302535065,"y":6000574.6329568075},{"label":"Zürich Manegg / Maneggstrasse","mc":"amenity","sc":"car_sharing","x":948431.3080958802,"y":5997737.313454404},{"label":"Zürich Waffenplatz / Brandschenkestrasse","mc":"amenity","sc":"car_sharing","x":949175.9798295419,"y":6001464.050522913},{"label":"Zürich Brunaustrasse / Kurfirstenstrasse","mc":"amenity","sc":"car_sharing","x":949426.2483087431,"y":6000284.320861979},{"label":"Zürich Höngg / Rütihofstrasse","mc":"amenity","sc":"car_sharing","x":943870.3370510471,"y":6009942.468355088},{"label":"Zürich Schwamendingen / Tulpenstrasse","mc":"amenity","sc":"car_sharing","x":953374.6281957409,"y":6008436.967467639}]